회사명,종목코드,업종,주요제품,상장일,결산월,대표자명,홈페이지,지역
우리금융지주,316140,기타 금융업,금융지주,2019-02-13,12월,손태승,http://www.woorifg.com/,서울특별시
효성중공업,298040,"전동기, 발전기 및 전기 변환 · 공급 · 제어 장치 제조업",-,2018-07-13,12월,김동우/요코타 타케시,http://www.hyosungheavyindustries.com,서울특별시
HDC현대산업개발,294870,건물 건설업,"외주주택, 자체공사, 일반건축, 토목 등",2018-06-12,12월,"권순호, 정경구",http://www.hdc-dvp.com,서울특별시
애경산업,018250,기타 화학제품 제조업,"Age 20's,루나, 트리오, 2080치약, 순샘, 제트 등",2018-03-22,12월,채동석,http://www.aekyung.co.kr,서울특별시
셀트리온,068270,기초 의약물질 및 생물학적 제제 제조업,"램시마, 트룩시마, 허쥬마",2018-02-09,12월,기우성,http://www.celltrion.com,인천광역시
SK케미칼,285130,합성고무 및 플라스틱 물질 제조업,"PETG 수지, PET 수지, 바이오디젤, 백신",2018-01-05,12월,"김철, 전광현",http://www.skchemicals.com,경기도
BGF리테일,282330,종합 소매업,체인화 편의점,2017-12-08,12월,이건준,http://www.bgfretail.com,서울특별시
카카오,035720,"자료처리, 호스팅, 포털 및 기타 인터넷 정보매개 서비스업",인터넷 서비스(인터넷 광고),2017-07-10,12월,"여민수, 조수용",http://www.kakaocorp.com,제주특별자치도
오리온,271560,기타 식품 제조업,스낵 등 과자류,2017-07-07,12월,이경재,http://www.orionworld.com,서울특별시
넷마블,251270,소프트웨어 개발 및 공급업,온라인·모바일 게임 소프트웨어 개발 및 공급,2017-05-12,12월,"권영식, 이승원(각자 대표집행임원)",http://www.netmarble.com,서울특별시
현대중공업지주,267250,석유 정제품 제조업,"산업용 로봇, 클린용 로봇, 조선 기자재 등",2017-05-10,12월,권오갑,http://www.hyundai-holdings.co.kr,서울특별시
두산밥캣,241560,특수 목적용 기계 제조업,"Compact Equipment, Heavy Equipment, Portable Power",2016-11-18,12월,"스캇성철박, 박상현 (각자대표이사)",http://www.doosanbobcat.com,서울특별시
삼성바이오로직스,207940,기초 의약물질 및 생물학적 제제 제조업,바이오의약품,2016-11-10,12월,김태한,http://www.samsungbiologics.com,인천광역시
동서,026960,음·식료품 및 담배 도매업,"식품 유통, 다류 및 연포장재 제조 등",2016-07-15,12월,김종원,http://www.dongsuh.com,서울특별시
LIG넥스원,079550,무기 및 총포탄 제조업,정밀유도무기 등,2015-10-02,12월,김지찬,http://www.lignex1.com,경기도
이노션,214320,광고업,광고대행 및 광고물의 제작 등,2015-07-17,12월,안건희,http://www.innocean.com,서울특별시
삼성물산,028260,기타 전문 도매업,"도소매, 건설, 남자용 정장 제조업 등",2014-12-18,12월,"이영호, 고정석, 정금용",http://www.samsungcnt.com,서울특별시
삼성에스디에스,018260,"컴퓨터 프로그래밍, 시스템 통합 및 관리업","IT서비스, 물류BPO",2014-11-14,12월,홍원표,http://www.samsungsds.com,서울특별시
만도,204320,자동차 신품 부품 제조업,"제동장치, 조향장치, 현가장치",2014-10-06,12월,"정몽원, 탁일환, 김광헌 (각자 대표이사)",http://www.mando.com,경기도
쿠쿠홀딩스,192400,기타 금융업,주방용 전기기기 제조업,2014-08-06,12월,구본학,http://www.cuckoo.co.kr,경상남도
BGF,027410,기타 금융업,지주회사,2014-05-19,12월,홍정국,http://www.bgf.co.kr,서울특별시
코스맥스,192820,기타 화학제품 제조업,화장품,2014-04-07,12월,"최 경, 이병만",http://www.cosmax.com,경기도
종근당,185750,의약품 제조업,"딜라트렌,리피로우",2013-12-06,12월,김영주,http://www.ckdpharm.com,서울특별시
현대로템,064350,철도장비 제조업,"철도차량, 특수중기, 산업기계",2013-10-30,12월,이용배,http://www.hyundai-rotem.co.kr,경상남도
동아에스티,170900,의약품 제조업,"스티렌, 자이데나",2013-04-08,12월,엄대식 (단독대표),http://www.donga.co.kr,서울특별시
한국콜마,161890,기타 화학제품 제조업,"화장품, 의약품",2012-10-19,12월,"윤상현, 이호경, 안병준",,세종특별자치시
한국타이어앤테크놀로지,161390,고무제품 제조업,타이어 제조,2012-10-04,12월,"조현범,이수일",http://kr.hankooktire.com,경기도
GS리테일,007070,종합 소매업,"체인화 편의점,슈퍼마켓,마트,전자상거래/부동산(빌딩) 임대",2011-12-23,12월,허연수,http://www.gsretail.com,서울특별시
삼양사,145990,기타 식품 제조업,설탕,2011-12-05,12월,"박순철, 송자량",http://www.samyangcorp.com,서울특별시
신세계인터내셔날,031430,"섬유, 의복, 신발 및 가죽제품 소매업","섬유, 의복, 신발 및 가죽제품 소매",2011-07-14,12월,"장재영, 이길한, 손문국 (각자대표)",http://www.sikorea.co.kr,서울특별시
한국항공우주,047810,"항공기,우주선 및 부품 제조업","정부방산 및 완제기 수출(T-50계열, KUH계열, KT-1계열 등), 기체부품",2011-06-30,12월,안현호,http://www.koreaaero.com,경상남도
롯데하이마트,071840,가전제품 및 정보통신장비 소매업,"가전제품,잡화 도소매/부동산 임대",2011-06-29,12월,이동우,http://www.himart.co.kr/index.jsp,서울특별시
이마트,139480,종합 소매업,대형마트,2011-06-10,12월,강희석,http://emartcompany.comkomain.do,서울특별시
BNK금융지주,138930,기타 금융업,금융지주회사,2011-03-30,12월,김지완,http://www.bnkfg.com,부산광역시
일진머티리얼즈,020150,전자부품 제조업,"인쇄회로기판(PCB)용 전해동박(ACF,UCF),에폭시용 동박,전해콘덴서용 알루미늄박 제조,판매",2011-03-04,12월,"허재명,주재환",http://www.iljinm.co.kr,전라북도
현대위아,011210,자동차 신품 부품 제조업,"자동차부품, 공작기계 등",2011-02-21,12월,김경배,http://www.hyundai-wia.com,경상남도
휠라홀딩스,081660,생활용품 도매업,"스포츠의류,신발,가방,시계,골프장비,화장품,가죽제품(지갑,키홀더) 도매,수출입",2010-09-28,12월,윤근창,http://www.filaholdings.com/kr/main/index.asp,서울특별시
현대홈쇼핑,057050,무점포 소매업,TV홈쇼핑 도소매/홈쇼핑프로그램 제작,2010-09-13,12월,"정교선,강찬석(각자 대표이사)",http://www.hmall.com,서울특별시
한미약품,128940,의약품 제조업,의약품,2010-07-30,12월,"우종수, 권세창",,경기도
한라홀딩스,060980,기타 금융업,지주회사 및 경영컨설팅 서비스업,2010-05-19,12월,"홍석화, 최경선",http://www.hallaholdings.com,경기도
삼성생명,032830,보험업,"생명보험,부동산 임대",2010-05-12,12월,전영묵,http://www.samsunglife.com,서울특별시
한화생명,088350,보험업,생명보험,2010-03-17,12월,여승주,http://www.hanwhalife.com,서울특별시
코오롱인더,120110,화학섬유 제조업,"산업자재, 화학, 필름",2010-02-01,12월,장희구,,서울특별시
락앤락,115390,플라스틱제품 제조업,플라스틱 밀폐용기,2010-01-28,12월,김성훈,,충청남도
한전기술,052690,"건축기술, 엔지니어링 및 관련 기술 서비스업",원자력발전소 설계 등,2009-12-14,12월,이배수,http://www.kepco-enc.com,경상북도
GKL,114090,유원지 및 기타 오락관련 서비스업,카지노,2009-11-19,12월,유태열,http://www.grandkorea.com,서울특별시
SK,034730,기타 금융업,"지주회사, 시스템통합(SI), 정보통신사업 관련 컨설팅,조사용역,정보통신기술 연구개발/정보통신기기,소프트웨어 개발,도매",2009-11-11,12월,"최태원, 장동현, 박성하",http://www.sk.co.kr,서울특별시
하이트진로,000080,알코올음료 제조업,소주,2009-10-19,12월,김인규,http://www.hitejinro.com,서울특별시
영원무역,111770,상품 종합 도매업,스포츠의류,2009-07-30,12월,성기학,,서울특별시
LG하우시스,108670,플라스틱제품 제조업,"창호재, 자동차부품 등",2009-04-20,12월,"강계웅, 강인식",http://www.lghausys.com,서울특별시
한세실업,105630,봉제의복 제조업,의류 완제품,2009-03-20,12월,"김익환, 조희선",http://www.hansae.com,서울특별시
NAVER,035420,"자료처리, 호스팅, 포털 및 기타 인터넷 정보매개 서비스업",포털 서비스 및 온라인 광고,2008-11-28,12월,한성숙,http://www.navercorp.com,경기도
KB금융,105560,기타 금융업,-,2008-10-10,12월,윤종규,http://www.kbfg.com,서울특별시
풍산,103140,1차 비철금속 제조업,,2008-07-30,12월,"류진, 박우동",http://www.poongsan.co.kr,경기도
LG이노텍,011070,전자부품 제조업,기타 전자부품 제조업,2008-07-24,12월,정철동,http://www.lginnotek.co.kr,서울특별시
LG유플러스,032640,전기 통신업,"개인휴대통신서비스,음성서비스,데이터서비스,부가통신/단말기 도소매/프로그램 개발,자료제공",2008-04-21,12월,하현회,http://www.uplus.co.kr,서울특별시
한전KPS,051600,전기 및 통신 공사업,"일반전기공사,발전설비정비공사,점검,수리,엔지니어링",2007-12-14,12월,김범년,http://www.kps.co.kr,전라남도
CJ제일제당,097950,기타 식품 제조업,"설탕,소맥분,조미식품,육가공식품(돈육,돼지비계,돼지식용설육),대두가공식품,사료,의약품,생활화학제품 제조,도매,무역/통신판매",2007-09-28,12월,"손경식, 강신호 (각자 대표이사)",http://www.cj.co.kr,서울특별시
팬오션,028670,해상 운송업,"해상화물운송(외항,운수보관)",2007-09-21,12월,"김홍국, 안중호(각자 대표이사)",http://www.panocean.com,서울특별시
JW홀딩스,096760,기타 금융업,의약품 수출입업,2007-07-31,12월,"이경하, 한성권",http://jw-holdings.co.kr,서울특별시
SK이노베이션,096770,석유 정제품 제조업,"석유정제,석유화학제품,윤활유제품,아스팔트제품,의약중간체 제조,판매,유전개발,대체에너지사업",2007-07-25,12월,김준,http://www.SKinnovation.com,서울특별시
삼성카드,029780,기타 금융업,"신용카드업,상품신용판매,현금서비스,카드론,리스,기업대출,여행업무,통신판매",2007-06-27,12월,김대환,http://www.samsungcard.co.kr,서울특별시
후성,093370,기초 화학물질 제조업,"불소화물 제조,도매",2006-12-22,12월,"송한주, 김용민",http://www.foosungchem.com,경기도
LF,093050,봉제의복 제조업,"기성복, 의류, 잡화, 제조",2006-12-01,12월,"구본걸,오규식",http://www.lfcorp.com,서울특별시
아모레퍼시픽,090430,기타 화학제품 제조업,"화장품,생활용품 제조, 판매",2006-06-29,12월,"서경배, 안세홍",http://www.apgroup.com,서울특별시
롯데쇼핑,023530,종합 소매업,"백화점(의류,식품 및 잡화),할인점 운영/전자상거래",2006-02-09,12월,강희태,http://www.lotteshoppingir.com/,서울특별시
현대글로비스,086280,기타 운송관련 서비스업,"화물운송주선,화물포장,자동차 수리/산업용 기계장비 임대",2005-12-26,12월,김정훈,http://www.glovis.net,서울특별시
하나금융지주,086790,기타 금융업,기타 금융,2005-12-12,12월,김정태,http://www.hanafn.com,서울특별시
현대리바트,079430,가구 제조업,"일반목재가구(책상,침실가구),주방가구,목창호,사무용가구,선실가구 제조",2005-11-22,12월,윤기철,http://www.hyundailivart.co.kr,경기도
금호타이어,073240,고무제품 제조업,"타이어,튜브 제조,도매,무역",2005-02-17,12월,전대진,http://www.kumhotire.co.kr,광주광역시
CJ CGV,079160,"영화, 비디오물, 방송프로그램 제작 및 배급업","영화상영,영화관 운영",2004-12-24,12월,최병환,http://www.cgv.co.kr,서울특별시
유니드,014830,기초 화학물질 제조업,"탄산칼륨,가성칼륨,가성카리,탄산카리(무기화합물),MDF(가공목재) 제조,도매",2004-12-03,12월,"이화영, 정의승(2인, 각자 대표이사)",http://www.unid.co.kr,서울특별시
GS,078930,기타 금융업,지주회사/부동산 임대,2004-08-05,12월,"허태수, 홍순기 (각자 대표이사)",,서울특별시
LG디스플레이,034220,전자부품 제조업,액정표시장치(TFT-LCD) 제조,2004-07-23,12월,정호영,http://www.lgdisplay.com,서울특별시
대교,019680,초등 교육기관,"학습지,참고서 출판/건설업/종합유선방송 프로그램공급,디지털학원",2004-02-03,12월,박수완,http://www.daekyo.co.kr,서울특별시
기업은행,024110,은행 및 저축기관,은행업,2003-12-24,12월,윤종원,http://www.kiupbank.co.kr,서울특별시
강원랜드,035250,유원지 및 기타 오락관련 서비스업,"카지노,관광호텔,골프장,스키장,체육시설 운영",2003-09-04,12월,문태곤,http://kangwonland.high1.com,강원도
한국금융지주,071050,기타 금융업,금융지주회사,2003-07-21,12월,김남구,http://www.koreaholdings.com,서울특별시
엔씨소프트,036570,소프트웨어 개발 및 공급업,"인터넷머그게임(리니지),그룹웨어,인터넷커뮤니티 개발,유지,공급",2003-05-22,12월,김택진,http://www.ncsoft.net,서울특별시
현대백화점,069960,종합 소매업,백화점,2002-11-25,12월,"정지선, 장호진, 김형종 (각자대표)",http://home.e-hyundai.com,서울특별시
대웅제약,069620,의약품 제조업,"양약,의료기기 제조/화장품,의약부의품 도소매/부동산 임대",2002-11-01,12월,"전승호, 윤재춘",http://www.daewoong.co.kr,경기도
휴켐스,069260,기타 화학제품 제조업,"화합물,화학제품 제조",2002-10-07,12월,신진용,http://www.huchems.com,서울특별시
한샘,009240,생활용품 도매업,"주방가구(씽크대),인테리어가구 판매,제조/주택신축판매",2002-07-16,12월,"조창걸, 강승수",http://www.hanssem.com,경기도
LG전자,066570,통신 및 방송 장비 제조업,"이동통신단말기,C-TV,V.C.R.,컴퓨터,완전평면 TV,플라즈마 디스플레이 패널 TV,전자제품(세탁기외),CDMA(코드분할다중접속)이동통신,전자교환기,전송기기",2002-04-22,12월,"권봉석, 배두용",http://www.lge.co.kr,서울특별시
S&T모티브,064960,자동차 신품 부품 제조업,"자동차부품(서스펜션모듈,전장품,속옵서버,에어백,트로틀바디,너클),방산품(총포) 제조,도매",2002-03-11,12월,김형철,http://www.sntdaewoo.com,부산광역시
신한지주,055550,기타 금융업,금융지주회사,2001-09-10,12월,조용병,http://www.shinhangroup.com,서울특별시
코웨이,021240,그외 기타 개인 서비스업,"렌탈 서비스(정수기,비데, 필터교환 등), 가정용기기 도매,판매,제조,폐기물처리설비,수출(정수기,청정기)",2001-08-07,12월,이해선,http://www.coway.co.kr,충청남도
LG생활건강,051900,기타 화학제품 제조업,"화장품,생활용품 제조,도매",2001-04-25,12월,차 석 용,http://www.lgcare.com,서울특별시
LG화학,051910,기초 화학물질 제조업,"유화/기능/합성수지,재생섬유소,산업재,리튬이온전지,평광판,PVC 제조,도매",2001-04-25,12월,신학철,http://www.lgchem.com,서울특별시
대우건설,047040,건물 건설업,"아파트건설,토목공사,건축공사,포장공사,전기공사,무역/중장비 대여",2001-03-23,12월,김형,http://daewooenc.co.kr,서울특별시
포스코인터내셔널,047050,상품 중개업,"무역(철강,화학,자동차부품),수출주선,대행,알선,가공원단,폴리우레탄,자동차시트 제조",2001-03-23,12월,대표이사 사장 주시보,http://www.poscointl.com,서울특별시
대우조선해양,042660,선박 및 보트 건조업,선박 제조,2001-02-02,12월,이성근,http://www.dsme.co.kr,경상남도
두산인프라코어,042670,특수 목적용 기계 제조업,"굴삭기,엔진 제조,도소매",2001-02-02,12월,"손동연, 고석범",http://www.doosaninfracore.com,인천광역시
동원F&B,049770,기타 식품 제조업,"참치캔,음료,냉동식품 제조,판매",2000-11-23,12월,김재옥,http://www.dw.co.kr,서울특별시
두산중공업,034020,일반 목적용 기계 제조업,"기관,터어빈,선박용엔진,주단조품,제강제품 제조/종합건설",2000-10-25,12월,"박지원, 최형희, 정연인",http://www.doosanheavy.com,경상남도
한국가스공사,036460,연료용 가스 제조 및 배관공급업,"액화천연가스 공급,제조,도매,개발",1999-12-15,12월,채희봉,http://www.kogas.or.kr,대구광역시
케이티앤지,033780,담배 제조업,"잎담배,제조담배,홍삼,홍삼제품 제조,판매",1999-10-08,12월,"Baek, Bok-In",http://www.ktng.com,대전광역시
한국조선해양,009540,선박 및 보트 건조업,"선박,해양구조물,엔진,펌프 전동기,중전기,중장비 제조/자동창고,물류시스템",1999-08-24,12월,"권오갑, 가삼현 (각자 대표이사)",http://www.ksoe.co.kr,서울특별시
AK홀딩스,006840,기타 금융업,지주사업,1999-08-11,12월,채형석,http://www.aekyunggroup.co.kr,서울특별시
대한유화,006650,기초 화학물질 제조업,"폴리프로필렌,고밀도폴리에틸렌,나프타분해유분,올레핀류,혼합C4류,분해가솔린 제조",1999-08-11,12월,정영태,http://www.kpic.co.kr,서울특별시
케이티,030200,전기 통신업,"유무선통신사업,공중전기통신사업,인터넷,전자상거래,네트워크(전용회선,데이터통신,초고속사업 등)",1998-12-23,12월,구현모,http://www.kt.com,경기도
제일기획,030000,광고업,"광고 대행/광고물,영화 제작,인쇄,출판",1998-03-03,12월,유정근,http://www.cheil.co.kr,서울특별시
SKC,011790,기타 화학제품 제조업,"폴리에스테르필름,합성수지,LCD용 필름 제조",1997-07-18,12월,이완재,http://www.skc.kr,경기도
SK하이닉스,000660,반도체 제조업,"반도체,컴퓨터,통신기기 제조,도매",1996-12-26,12월,이석희,http://www.skhynix.com,경기도
삼성엔지니어링,028050,"건축기술, 엔지니어링 및 관련 기술 서비스업","산업설비,건물,구축물,토목시설의 설계,시공,공사감리",1996-12-24,12월,최성안,http://www.samsungengineering.co.kr,서울특별시
HDC,012630,기타 금융업,"토목공사,건축공사,아파트분양사업,재개발/재건축사업",1996-10-16,12월,"정몽규, 유병규",http://www.i-park.com,서울특별시
한국단자공업,025540,"전동기, 발전기 및 전기 변환 · 공급 · 제어 장치 제조업","전기변환장치(광커넥터,통신용콘넥터,정밀압착단자설계) 제조,무역(수출)",1996-10-16,12월,"이창원,이원준",http://www.ket.com,인천광역시
한온시스템,018880,일반 목적용 기계 제조업,"자동차용부품(라디에이터,히터,에어콘,압축기,콘덴서,컴퓨레사) 제조,도매",1996-07-31,12월,각자대표집행임원 3인 선임 - 손정원(대표집행임원) - 너달 쿠추카야(대표집행임원) - 성민석(대표집..,http://www.hanonsystems.com,대전광역시
한섬,020000,봉제의복 제조업,"여성의류,금속 액세서리,신발,가방,선글라스 제조,판매",1996-07-03,12월,김민덕,http://www.handsome.co.kr,서울특별시
현대엘리베이터,017800,일반 목적용 기계 제조업,"엘리베이터,에스컬레이터,공항,공정,크린룸,병원 물류시스템,수,배송센터,고속소팅시스템,주차설비 제조,판매,보수",1996-07-03,12월,송승봉,http://www.hyundaielevator.co.kr,경기도
에스원,012750,"경비, 경호 및 탐정업","부가통신 서비스(경비),안전관리용역,CCTV카메라",1996-01-30,12월,"노희찬, 모리야 키요시",http://www.s1.co.kr,서울특별시
남해화학,025860,"비료, 농약 및 살균, 살충제 제조업","비료(요소,복합비료),공업제품원료 제조,도매",1995-11-10,12월,하형수,http://www.nhchem.co.kr,서울특별시
오뚜기,007310,기타 식품 제조업,"라면,마요네즈,카레,스프,당면,소오스,토마토케첩,마가린,냉동생지(바게트,크로와상),참치캔,식초,3분짜장 제조",1994-08-12,12월,"함영준,이강훈",http://www.ottogi.co.kr,경기도
엘에스일렉트릭,010120,"전동기, 발전기 및 전기 변환 · 공급 · 제어 장치 제조업","고압기기,저압기기,변압기,배전반,PLC,인버터,빌딩설비,공조기,건축배관,자동화기기 제조,동가공",1994-07-11,12월,"구자균, 박용상, 남기원",http://www.lselectric.co.kr,경기도
동원시스템즈,014820,플라스틱제품 제조업,포장용 플라스틱제품 제조 외,1994-03-29,12월,조점근,http://dongwonsystems.com/,경기도
삼성중공업,010140,선박 및 보트 건조업,"선박(벌크선,원유운반선),철구조물,에너지플랜트 생산,판매/토목건축업",1994-01-28,12월,남준우,http://www.samsungshi.com,경기도
메리츠증권,008560,금융 지원 서비스업,"유가증권의 위탁매매,자기매매,인수공모주선업무",1992-01-15,12월,최희문,http://www.imeritz.com,서울특별시
롯데케미칼,011170,기초 화학물질 제조업,"폴리프로필렌,고밀도폴리에틸렌,에틸렌글리콜,벤젠,에틸렌옥사이드,합성지,부산물 제조",1991-05-30,12월,"신동빈, 김교현, 임병연, 이영준",http://www.lottechem.com,서울특별시
세아베스틸,001430,1차 철강 제조업,"특수강,철도용품,자동차부품 제조,수출입",1991-03-12,12월,"김철희, 박준두",http://www.seahbesteel.co.kr,서울특별시
호텔신라,008770,기타 상품 전문 소매업,"면세판매,관광숙박,외식사업,예식업",1991-03-12,12월,이부진,http://www.hotelshilla.net,서울특별시
고려아연,010130,1차 비철금속 제조업,"연,아연괴 제조,판매",1990-07-28,12월,"최창근, 이제중, 최윤범",http://www.koreazinc.co.kr,서울특별시
한올바이오파마,009420,의약품 제조업,"의약품 제조,도매/부동산 임대",1989-12-18,12월,"박승국,윤재춘(공동대표이사)",http://www.hanall.co.kr,대전광역시
SK텔레콤,017670,전기 통신업,"이동전화,무선호출서비스,부가통신",1989-11-07,12월,박정호,http://www.sktelecom.com,서울특별시
현대모비스,012330,자동차 신품 부품 제조업,"자동차A/S용 부품,컨테이너,특수중기,산업기계제품 생산,판매,부품모듈화,부품수출사업,환경/플랜트사업,특수중기부문(컨테이너)",1989-09-05,12월,"정몽구, 정의선, 박정국",http://www.mobis.co.kr,서울특별시
현대해상,001450,보험업,손해보험(자동차보험),1989-08-25,12월,"조용일, 이성재",http://www.hi.co.kr,서울특별시
현대그린푸드,005440,종합 소매업,"백화점,여행알선,숙박,음식점/부동산 임대",1989-08-22,12월,박홍진 (단독 대표이사),http://www.hyundaigreenfood.com,경기도
한국전력공사,015760,전기업,"전력자원개발,발전,송전,전력용기자재확보",1989-08-10,12월,김종갑,http://www.kepco.co.kr,전라남도
녹십자,006280,의약품 제조업,"알부민외 제조,판매",1989-08-01,12월,허은철,http://www.greencross.com,경기도
한솔케미칼,014680,기초 화학물질 제조업,"과산화수소,라텍스,요소수지,수소액화탄산,차아황산소다 제조,판매,디지털카메라용 인화필름 제조,수출",1989-05-20,12월,박원환,http://www.hansolchemical.com,서울특별시
대덕,008060,전자부품 제조업,"산업용 인쇄회로기판,다층 인쇄회로기판,빌드업기판,반도체패키지기판,메모리모듈기판 제조",1989-01-26,12월,김영재,http://www.daeduck.com,경기도
에스엘,005850,자동차 신품 부품 제조업,"자동차부품(자동차램프류,샤시와조향기기,케스터홀더) 제조",1988-11-08,12월,"이충곤,이성엽,김한영",http://www.slworld.com,대구광역시
보령제약,003850,의약품 제조업,"의약품(제산제(겔포스),구심,용각산,고혈압치료제(카프릴),소염진통제(멘소레담),항생제(듀리세프),혈전치료제(아스트릭스)) 제조",1988-10-24,12월,"안재현, 이삼수",http://www.boryung.co.kr,서울특별시
한국쉘석유,002960,석유 정제품 제조업,"윤활유,그리스 제조,도매",1988-08-10,12월,강진원,http://www.shell.co.kr,부산광역시
부광약품,003000,의약품 제조업,"의약품,치약,의약부외품(부광탁스,레가론,부광안티프라그) 제조",1988-08-05,12월,유희원,http://www.bukwang.co.kr,서울특별시
한미사이언스,008930,기타 금융업,"항생제(세포탁심,세포트리악손),유산균정장제(메디락비타,메디락베베),위장관운동조절개선제(설프라이드),고혈압치료제(유니바스크),원료의약품,식품 제조,판매",1988-06-20,12월,임종윤,http://www.hanmiscience.co.kr,경기도
포스코,005490,1차 철강 제조업,"열연코일,냉연강판,후판,선재,스테인리스 제조",1988-06-10,12월,"대표이사 회장 최정우, 대표이사 사장 장인화",http://www.posco.co.kr,경상북도
동국제강,001230,1차 철강 제조업,"후판,철근,강판,형강,앵글,찬넬,평철 제조,판매",1988-05-09,12월,"장세욱, 김연극",http://www.dongkuk.co.kr,서울특별시
삼성증권,016360,금융 지원 서비스업,"유가증권의 매매,위탁매매,인수주선",1988-03-28,12월,장석훈,http://www.samsungpop.com,서울특별시
금호석유화학,011780,기초 화학물질 제조업,"합성고무 SBR(스티렌부타디엔러버),BR(폴리부타디엔러버),합성수지,BD,라텍스 제조,도소매",1988-01-22,12월,"박찬구, 문동준",http://www.kkpc.com,서울특별시
세방전지,004490,일차전지 및 축전지 제조업,"자동차용 및 산업용 축전지(연축전지) 제조,판매",1987-11-28,12월,"대표이사 원성연, 대표이사 차주호",http://www.gbattery.com,서울특별시
S-Oil,010950,석유 정제품 제조업,"석유제품,가스,윤활기유,윤활유,그리스,석유화학제품 제조,도매",1987-05-27,12월,Hussain A.Al-Qahtani,http://www.s-oil.com,서울특별시
한화에어로스페이스,012450,"항공기,우주선 및 부품 제조업","항공기엔진,특수방산장비 제조/정비사업",1987-05-27,12월,Shin Hyun Woo,http://www.hanwhaaerospace.co.kr/,경상남도
현대제철,004020,1차 철강 제조업,"H형강,제철,제강,철근,압연,스테인레스,주강,시트파일 제조,수출입,중기부품(탱크바퀴)제조,판매",1987-05-23,12월,안동일,http://www.hyundai-steel.com,인천광역시
아이에스동서,010780,"내화, 비내화 요업제품 제조업","타일,위생도기,콘크리트파일,P.C관,침목 제조,도매",1986-01-27,12월,권민석,http://www.isdongseo.co.kr,서울특별시
신세계,004170,종합 소매업,"백화점,할인점(E마트)",1985-08-19,12월,차정호,http://www.shinsegae.com,서울특별시
OCI,010060,기초 화학물질 제조업,"타르제품,카본블랙,무수프탈산,농약원제,석탄화학제품,정밀화학제품,플라스틱창호재 제조,판매",1985-07-09,12월,"백우석, 이우현, 김택중(3인, 각자 대표이사)",http://www.oci.co.kr,서울특별시
현대건설,000720,토목 건설업,"공사수입,주택분양,건설산업부문 설계,감리 등 엔지니어링서비스",1984-12-22,12월,박동욱,http://www.hdec.kr,서울특별시
현대미포조선,010620,선박 및 보트 건조업,"선박수리,선박개조,선박신조",1983-12-20,12월,신현대,http://www.hmd.co.kr,울산광역시
GS건설,006360,건물 건설업,"토목공사,건축공사,주택공사,산업플랜트공사,리모델링공사,시설물유지관리공사/산업설비설계,감리 용역,수출입/에너지관리 진단,연구개발",1981-08-03,12월,"허창수, 임병용(각자 대표이사)",http://www.gsconst.co.kr/,서울특별시
삼성SDI,006400,일차전지 및 축전지 제조업,"칼라브라운관,PDP,평판표시관,모니터,휴대용 디스플레이,폴리머전지(2차전지),초박형브라운관,전계발광소자 제조,판매",1979-02-27,12월,전영현,http://www.samsungsdi.com,경기도
삼성전기,009150,전자부품 제조업,"영상,음향,통신장비,모듈,다층인쇄회로기판,적층세라믹콘덴서,고주파필터,전압제어발진기,온도보상형수정발진기,칩인덕터,디지털위성방송수신기,광픽업,편향코일",1979-02-27,12월,경계현,http://www.sem.samsung.co.kr,경기도
빙그레,005180,낙농제품 및 식용빙과류 제조업,"아이스크림,우유,스낵,유산균(욥닥터캡슐) 제조",1978-08-31,12월,전창원,http://www.bing.co.kr,경기도
녹십자홀딩스,005250,회사 본부 및 경영 컨설팅 서비스업,"알부민,유로키나제,간염백신,유행성출혈열백신 제조",1978-08-28,12월,"허일섭, 허용준",http://www.greencross.com,경기도
남양유업,003920,낙농제품 및 식용빙과류 제조업,"시유,조제분유,발효유,이유밀,치즈,프렌치까페 제조,도매",1978-06-24,12월,이광범,http://www.namyangi.com,서울특별시
LS,006260,기타 금융업,"전력용전선,일반전선,통신케이블,동선,알루미늄선,공조기,프라스틱사출성형기 제조,도매",1977-06-30,12월,이광우,http://www.lsholdings.co.kr,서울특별시
SK네트웍스,001740,기타 전문 도매업,"종합무역업(전자전기제품,섬유,에너지화학제품,철강금속제품),의류,수입산합판,MDF판매,정보통신사업,에너지유통사업",1977-06-30,12월,"최신원, 박상규 (각자 대표이사)",http://www.sknetworks.co.kr,경기도
농심,004370,기타 식품 제조업,"라면,스낵,유지 제조,도매,수출입",1976-06-30,12월,"신동원, 박 준",http://www.nongshim.com,서울특별시
SK디스커버리,006120,기타 금융업,"화섬사(폴리에스테르원사(폴리에스터F,폴리에스터SF),폴리에스터직물,아세테이트),석유화학부문(TPA,DMT),섬유원료,직물,BOTTLE용CHIP,접착제,폴리우레탄 제조,",1976-06-29,12월,"최창원, 김철, 박찬중",http://www.skdiscovery.com,경기도
동양,001520,"시멘트, 석회, 플라스터 및 그 제품 제조업",레미콘/건설공사/산업용 송풍기,1976-06-25,12월,정진학,http://www.tongyanginc.co.kr,서울특별시
한화,000880,기타 화학제품 제조업,"화약,화공품,자동선반류,공작기계 제조,전자교환기,건설,정보통신,종합무역/임직원 및 개인대상 교육,세미나 및 워크샵 중계,동영상광고",1976-06-24,12월,"금춘수, 옥경석, 이민석",http://www.hanwhacorp.co.kr,서울특별시
JW중외제약,001060,의약품 제조업,"수액제,소화기궤양치료제,항생제,항암제 제조,도매",1976-06-14,12월,"대표이사 신영섭, 이성열(각자 대표이사)",http://www.jw-pharma.co.kr,서울특별시
영풍,000670,1차 비철금속 제조업,"제1차 금속산업(아연괴,황산,카드뮴괴),건전지 제조,무역",1976-06-12,12월,"이강인, 박영민",http://www.ypzinc.co.kr,서울특별시
고려제강,002240,1차 철강 제조업,"PC강선,선재 2차제품,와이어로프,비드와이어,SC(Surpass Coat) Stand,각종선재 제조,도매",1976-05-25,12월,"이이문, 주종대 (각자대표)",http://www.kiswire.com,부산광역시
넥센타이어,002350,고무제품 제조업,"타이어,후랩,고무제타이어(승용자동차용,래디알구조) 제조",1976-05-19,12월,대표이사 회장 강병중 대표이사 사장 강호찬,http://www.nexentire.com,경상남도
롯데정밀화학,004000,기초 화학물질 제조업,"염소·셀룰로스계열, 암모니아 계열, 전자재료 등 화학제품 제조",1976-04-15,12월,정경문,http://www.lottefinechem.com,울산광역시
대림산업,000210,토목 건설업,"산업플랜트공사,건축,토목,폴리에틸렌,폴리부텐,각종폴리머 제조,기술용역",1976-02-02,12월,"김상우, 배원복 (각자 대표이사)",http://www.daelim.co.kr,서울특별시
LG상사,001120,상품 중개업,"전자,기계,화공,유류.금속,의류 수출입,도소매",1976-01-30,12월,윤춘성,http://www.lgicorp.com,서울특별시
태광산업,003240,화학섬유 제조업,"석유화학제품(PTA,AN),화섬사,직물 등",1975-12-27,12월,홍현민,http://www.taekwang.co.kr,서울특별시
한일현대시멘트,006390,"시멘트, 석회, 플라스터 및 그 제품 제조업","시멘트,시멘트반제품 제조,판매/콘도미니엄,스키장,종합레저관광산업,체육진흥사업,사업서비스",1975-12-26,12월,장오봉,http://WWW.HANILHDCEMENT.COM,서울특별시
DB하이텍,000990,반도체 제조업,반도체 제조,1975-12-12,12월,최창식,http://www.dbhitek.co.kr,경기도
NH투자증권,005940,금융 지원 서비스업,"증권업,종합금융",1975-09-30,12월,정영채,http://www.nhqv.com,서울특별시
미래에셋대우,006800,금융 지원 서비스업,"유가증권매매,유가증권위탁매매,유가증권인수",1975-09-30,12월,"최현만, 조웅기",http://www.miraeassetdaewoo.com,서울특별시
삼성화재해상보험,000810,보험업,"손해보험의 원수,재보험,운용자산의 투자활동",1975-06-30,12월,최영무,http://www.samsungfire.com,서울특별시
오리온홀딩스,001800,기타 금융업,자회사 관리 지주사업 등,1975-06-27,12월,허인철,http://www.oriongroup.co.kr,서울특별시
삼성전자,005930,통신 및 방송 장비 제조업,"IMT2000 서비스용 동기식 기지국,교환국장비,데이터단말기,동영상휴대폰,핵심칩,반도체제품,사무,계산 및 회계용기계",1975-06-11,12월,"김기남, 김현석, 고동진",http://www.sec.co.kr,경기도
쌍용자동차,003620,자동차용 엔진 및 자동차 제조업,"자동차,자동차부품,차륜,정비 제조/도소매",1975-05-29,12월,예병태,http://www.smotor.com,경기도
쌍용양회공업,003410,"시멘트, 석회, 플라스터 및 그 제품 제조업",시멘트(크링카),1975-05-03,12월,"홍사승, 이현준 (각자)대표집행임원",http://www.ssangyongcement.co.kr,서울특별시
SPC삼립,005610,기타 식품 제조업,"빵,아이스크림,과자,케익,유산균음료,인스턴트식품,병조림,면류,식용유 제조,판매",1975-05-02,12월,황종현,http://www.samlipgf.co.kr,경기도
일양약품,007570,의약품 제조업,"일반의약품(원비디,영비천,아진탈,디세텔,노루모산),항암제(베타-이뮤난),전문의약품 제조,판매,수출입",1974-08-28,12월,김동연,http://www.ilyang.co.kr,경기도
현대자동차,005380,자동차용 엔진 및 자동차 제조업,"자동차(승용차,버스,트럭,특장차),자동차부품,자동차전착도료 제조,차량정비사업",1974-06-28,12월,"정의선, 이원희, 하언태(각자 대표이사)",http://www.hyundai.com,서울특별시
한화솔루션,009830,기초 화학물질 제조업,"합성수지,유화부문(LDPE,LLDPE)제품 제조,플라스틱가공품(PVC),CA,무기화학제품,부동산업",1974-06-19,12월,"이구영, 김희철, 류두형",http://hcc.hanwha.co.kr,서울특별시
롯데지주,004990,기타 금융업,지주회사,1974-02-16,12월,"신동빈,황각규,송용덕",http://www.lotte.co.kr,서울특별시
기아자동차,000270,자동차용 엔진 및 자동차 제조업,"승용차,중대형버스,트럭,민수특수차량,군수차량 제조,판매,정비",1973-07-21,12월,최준영,http://www.kia.co.kr,서울특별시
효성,004800,기타 금융업,"스판덱스,합성원사,나일론,폴리에스터,타이어코드지,PET병,수지제품,중전기제품(변압기,차단기),사무용기계,컴퓨터 제조/건축공사",1973-06-30,12월,"Hyun-Joon Cho, Kyoo-Young Kim",http://www.hyosung.com,서울특별시
CJ,001040,기타 금융업,지주회사,1973-06-29,12월,"손경식, 김홍기",http://www.cj.net,서울특별시
두산,000150,회사 본부 및 경영 컨설팅 서비스업,"동박적층판 등 제조 및 판매, 유압기기 등 제조 및 판매, 지게차 제조 및 판매, IT 시스템 개발/운영 서비스 등, 연료전지 등",1973-06-29,12월,"박정원, 동현수, 김민철",http://www.doosancorp.co.kr,서울특별시
DB손해보험,005830,보험업,"자동차보험,화재보험,해상보험,특종보험,장기보험",1973-06-28,12월,김정남,http://www.idbins.com,서울특별시
영진약품,003520,의약품 제조업,"의약품(드링크제,항생제,영양수액제),의약부외품 제조,판매",1973-06-25,12월,이재준,http://www.yungjin.co.kr,서울특별시
케이씨씨,002380,기타 화학제품 제조업,"건축용단열재,내외장재,스레트,밤라이트,암면,석고보드,판유리 제조",1973-06-25,12월,"정몽진, 정몽익",http://www.kccworld.co.kr,서울특별시
롯데칠성음료,005300,비알코올음료 및 얼음 제조업,"청량음료,과채류음료,곡류음료,주류 제조,판매/자동차정비,연수원",1973-06-21,12월,이영구,http://company.lottechilsung.co.kr,서울특별시
롯데푸드,002270,낙농제품 및 식용빙과류 제조업,"빙과,유지,식품 제조",1973-05-09,12월,조경수,http://www.lottefoods.co.kr,서울특별시
아모레퍼시픽그룹,002790,기타 화학제품 제조업,지주회사,1973-04-30,12월,"서경배, 배동현",http://www.apgroup.com,서울특별시
대상,001680,기타 식품 제조업,"전분,라이신,물엿,과당,포도당,MSG및 사료,조미료,항생제,핵산,커피 제조,도매/토목공사,건축공사",1970-04-01,12월,임정배,http://www.daesang.co.kr,서울특별시
LG,003550,기타 금융업,지주회사,1970-02-13,12월,"구광모, 권영수",http://www.lg.co.kr,서울특별시
동아쏘시오홀딩스,000640,기타 금융업,"의약품(피로회복제/박카스,병원용의약품),비의약품(의료기기,염모제,가글제) 제조,도소매/화장품 생산",1970-02-10,12월,한종현,http://www.donga.co.kr,서울특별시
삼양홀딩스,000070,기타 금융업,"지주회사,경영자문컨설팅",1968-12-27,12월,윤재엽,http://www.samyang.com,서울특별시
한국테크놀로지그룹,000240,기타 금융업,"고무타이어,고무튜브,후랩,알루미늄휠의 제조,판매,임대수익,물품운반용기,포장용기(프라스틱)",1968-12-27,12월,조현식,http://www.hankooktire.com,경기도
대한항공,003490,항공 여객 운송업,"여객운송,화물운송,항공기 제조,판매,정비수리/기내식 제조판매,면세품 판매",1966-03-18,12월,"조원태, 우기홍",http://www.koreanair.com,서울특별시
유한양행,000100,의약품 제조업,"의약품(삐콤씨,알마겔,세파졸린주사,아코텍스주사,이세파신,신생아호흡곤란치료제 등),생활용품(유한락스,비누,홈키파),식혜 도매",1962-11-01,12월,대표이사 이정희,http://www.yuhan.co.kr,서울특별시
CJ대한통운,000120,도로 화물 운송업,"Contract Logistics, 포워딩, 항만하역, 해운, 택배국제특송, SCM Consulting",1956-07-02,12월,박근희,http://www.cjlogistics.com,서울특별시
